--
-- PostgreSQL database dump
--

\restrict pXHLXzHA3NqRCNElmjlQeZx3jEl22M7xH2LOdcjFkOxfwkXKvHlJPXxbwmzfrQP

-- Dumped from database version 18.1
-- Dumped by pg_dump version 18.1

-- Started on 2025-11-22 02:29:54

SET statement_timeout = 0;
SET lock_timeout = 0;
SET idle_in_transaction_session_timeout = 0;
SET transaction_timeout = 0;
SET client_encoding = 'UTF8';
SET standard_conforming_strings = on;
SELECT pg_catalog.set_config('search_path', '', false);
SET check_function_bodies = false;
SET xmloption = content;
SET client_min_messages = warning;
SET row_security = off;

SET default_tablespace = '';

SET default_table_access_method = heap;

--
-- TOC entry 220 (class 1259 OID 16765)
-- Name: modules; Type: TABLE; Schema: public; Owner: postgres
--

CREATE TABLE public.modules (
    id bigint NOT NULL,
    title character varying(255) NOT NULL,
    content text NOT NULL,
    order_index integer NOT NULL
);


ALTER TABLE public.modules OWNER TO postgres;

--
-- TOC entry 219 (class 1259 OID 16764)
-- Name: modules_id_seq; Type: SEQUENCE; Schema: public; Owner: postgres
--

CREATE SEQUENCE public.modules_id_seq
    START WITH 1
    INCREMENT BY 1
    NO MINVALUE
    NO MAXVALUE
    CACHE 1;


ALTER SEQUENCE public.modules_id_seq OWNER TO postgres;

--
-- TOC entry 5042 (class 0 OID 0)
-- Dependencies: 219
-- Name: modules_id_seq; Type: SEQUENCE OWNED BY; Schema: public; Owner: postgres
--

ALTER SEQUENCE public.modules_id_seq OWNED BY public.modules.id;


--
-- TOC entry 222 (class 1259 OID 16781)
-- Name: tasks; Type: TABLE; Schema: public; Owner: postgres
--

CREATE TABLE public.tasks (
    id bigint NOT NULL,
    module_id bigint,
    title character varying(255) NOT NULL,
    description text NOT NULL,
    language character varying(50) DEFAULT 'python'::character varying NOT NULL,
    is_free boolean DEFAULT false NOT NULL,
    order_index integer DEFAULT 1 NOT NULL
);


ALTER TABLE public.tasks OWNER TO postgres;

--
-- TOC entry 221 (class 1259 OID 16780)
-- Name: tasks_id_seq; Type: SEQUENCE; Schema: public; Owner: postgres
--

CREATE SEQUENCE public.tasks_id_seq
    START WITH 1
    INCREMENT BY 1
    NO MINVALUE
    NO MAXVALUE
    CACHE 1;


ALTER SEQUENCE public.tasks_id_seq OWNER TO postgres;

--
-- TOC entry 5043 (class 0 OID 0)
-- Dependencies: 221
-- Name: tasks_id_seq; Type: SEQUENCE OWNED BY; Schema: public; Owner: postgres
--

ALTER SEQUENCE public.tasks_id_seq OWNED BY public.tasks.id;


--
-- TOC entry 224 (class 1259 OID 16808)
-- Name: test_cases; Type: TABLE; Schema: public; Owner: postgres
--

CREATE TABLE public.test_cases (
    id bigint NOT NULL,
    task_id bigint NOT NULL,
    input_data text NOT NULL,
    expected_output text NOT NULL
);


ALTER TABLE public.test_cases OWNER TO postgres;

--
-- TOC entry 223 (class 1259 OID 16807)
-- Name: test_cases_id_seq; Type: SEQUENCE; Schema: public; Owner: postgres
--

CREATE SEQUENCE public.test_cases_id_seq
    START WITH 1
    INCREMENT BY 1
    NO MINVALUE
    NO MAXVALUE
    CACHE 1;


ALTER SEQUENCE public.test_cases_id_seq OWNER TO postgres;

--
-- TOC entry 5044 (class 0 OID 0)
-- Dependencies: 223
-- Name: test_cases_id_seq; Type: SEQUENCE OWNED BY; Schema: public; Owner: postgres
--

ALTER SEQUENCE public.test_cases_id_seq OWNED BY public.test_cases.id;


--
-- TOC entry 4866 (class 2604 OID 16768)
-- Name: modules id; Type: DEFAULT; Schema: public; Owner: postgres
--

ALTER TABLE ONLY public.modules ALTER COLUMN id SET DEFAULT nextval('public.modules_id_seq'::regclass);


--
-- TOC entry 4867 (class 2604 OID 16784)
-- Name: tasks id; Type: DEFAULT; Schema: public; Owner: postgres
--

ALTER TABLE ONLY public.tasks ALTER COLUMN id SET DEFAULT nextval('public.tasks_id_seq'::regclass);


--
-- TOC entry 4871 (class 2604 OID 16811)
-- Name: test_cases id; Type: DEFAULT; Schema: public; Owner: postgres
--

ALTER TABLE ONLY public.test_cases ALTER COLUMN id SET DEFAULT nextval('public.test_cases_id_seq'::regclass);


--
-- TOC entry 5032 (class 0 OID 16765)
-- Dependencies: 220
-- Data for Name: modules; Type: TABLE DATA; Schema: public; Owner: postgres
--

COPY public.modules (id, title, content, order_index) FROM stdin;
2	Операторы	# Модуль 2. Операторы в Python\n\nВ этом модуле разбираются основные операторы в Python:\n\n- арифметические операторы (`+`, `-`, `*`, `/`, `//`, `%`, `**`);\n- операторы сравнения (`==`, `!=`, `<`, `>`, `<=`, `>=`);\n- логические операторы (`and`, `or`, `not`);\n- составные операторы присваивания (`+=`, `-=`, и т.д.).\n\nПосле этого модуля вы сможете писать более сложные выражения и условия.\n\n---\n\n## 1. Арифметические операторы\n\nВ Python есть стандартные арифметические операторы:\n\n- `+` — сложение\n- `-` — вычитание\n- `*` — умножение\n- `/` — деление (результат — число с точкой)\n- `//` — целочисленное деление (деление без остатка)\n- `%` — остаток от деления\n- `**` — возведение в степень\n\nПримеры:\n\n    a = 7\n    b = 3\n\n    print(a + b)    # 10\n    print(a - b)    # 4\n    print(a * b)    # 21\n    print(a / b)    # 2.3333333333\n    print(a // b)   # 2  (целая часть)\n    print(a % b)    # 1  (остаток)\n    print(a ** b)   # 343 (7 в степени 3)\n\n---\n\n## 2. Приоритет операций и скобки\n\nКак и в математике, одни операции выполняются раньше других:\n\n1. Скобки `(...)`\n2. Возведение в степень `**`\n3. Умножение, деление, целочисленное деление, остаток: `*`, `/`, `//`, `%`\n4. Сложение и вычитание: `+`, `-`\n\nПример:\n\n    result1 = 2 + 3 * 4      # 2 + 12 = 14\n    result2 = (2 + 3) * 4    # 5 * 4 = 20\n\nЧтобы не путаться, лучше ставить скобки явно, когда выражение сложное.\n\n---\n\n## 3. Операторы сравнения\n\nОператоры сравнения возвращают логическое значение `True` или `False`:\n\n- `==` — равно\n- `!=` — не равно\n- `<` — меньше\n- `>` — больше\n- `<=` — меньше или равно\n- `>=` — больше или равно\n\nПримеры:\n\n    x = 10\n    y = 7\n\n    print(x == y)   # False\n    print(x != y)   # True\n    print(x > y)    # True\n    print(x <= y)   # False\n\nЭти выражения часто используются внутри `if`, о котором мы поговорим в следующем модуле.\n\n---\n\n## 4. Логические операторы and, or, not\n\nЛогические операторы позволяют комбинировать несколько условий:\n\n- `and` — логическое «и» (истина, если оба условия истинны)\n- `or` — логическое «или» (истина, если хотя бы одно условие истинно)\n- `not` — логическое «не» (инверсия значения)\n\nПримеры:\n\n    age = 20\n    has_ticket = True\n\n    print(age >= 18 and has_ticket)   # True, взрослый и есть билет\n    print(age < 18 or has_ticket)     # True, т.к. has_ticket = True\n    print(not has_ticket)             # False\n\nКомбинация сравнений и логических операторов:\n\n    x = 5\n    print(x > 0 and x < 10)   # True, число от 1 до 9\n\n---\n\n## 5. Операторы присваивания и составные операторы\n\nОператор присваивания `=` мы уже видели:\n\n    x = 10\n\nСоставные операторы присваивания позволяют сразу применить операцию и сохранить результат в той же переменной:\n\n- `x += 1`  то же самое, что `x = x + 1`\n- `x -= 2`  то же самое, что `x = x - 2`\n- `x *= 3`  то же самое, что `x = x * 3`\n- `x /= 2`  то же самое, что `x = x / 2`\n- и т.д.\n\nПример:\n\n    x = 5\n    x += 2     # x = x + 2 -> 7\n    x *= 3     # x = x * 3 -> 21\n    print(x)   # 21\n\n---\n\n## 6. Примеры комбинированных выражений\n\nЧасто арифметика и логика используются вместе.\n\nПример: проверка, делится ли число на 2 и на 3:\n\n    n = int(input("Введите число: "))\n\n    divisible_by_2 = (n % 2 == 0)\n    divisible_by_3 = (n % 3 == 0)\n\n    print("Делится на 2:", divisible_by_2)\n    print("Делится на 3:", divisible_by_3)\n    print("Делится и на 2, и на 3:", divisible_by_2 and divisible_by_3)\n\n---\n\n## 7. Краткий конспект модуля\n\n- Арифметические операторы: `+`, `-`, `*`, `/`, `//`, `%`, `**`.\n- Приоритет операций: сначала скобки, затем степень, потом умножение/деление, потом сложение/вычитание.\n- Операторы сравнения: `==`, `!=`, `<`, `>`, `<=`, `>=` возвращают `True` или `False`.\n- Логические операторы: `and`, `or`, `not` позволяют комбинировать условия.\n- Операторы присваивания: `=`, `+=`, `-=`, `*=`, `/=` и другие.\n- Выражения с операторами часто используются внутри условий и циклов (в следующих модулях мы это будем активно использовать).\n	2
1	Ввод и вывод	# Модуль 1. Ввод и вывод в Python\n\nВ этом модуле разбираются две базовые операции, без которых не обходится почти ни одна программа:\n\n- вывод данных на экран;\n- ввод данных с клавиатуры.\n\nПосле этого модуля вы сможете писать простые интерактивные программы.\n\n---\n\n## 1. Первая программа и функция print\n\nДля вывода информации на экран в Python используется функция `print`.\n\nПростейший пример:\n\n    print("Hello, world!")\n\nВ скобках указываем то, что нужно вывести. Строки пишутся в кавычках (`"` или `'`).\n\nМожно выводить и числа:\n\n    print(10)\n    print(3 + 5)\n\nСначала вычисляется выражение `3 + 5`, затем результат отображается на экране.\n\n---\n\n## 2. Вывод нескольких значений. Параметры sep и end\n\nВ `print` можно передавать несколько значений через запятую:\n\n    name = "Аня"\n    age = 18\n\n    print("Имя:", name)\n    print("Возраст:", age)\n\nПо умолчанию:\n\n- между значениями ставится пробел;\n- в конце строки добавляется перевод строки (курсор переходит на следующую строку).\n\nПараметр `sep` задаёт разделитель между значениями:\n\n    print("A", "B", "C")            # A B C\n    print("A", "B", "C", sep="-")   # A-B-C\n\nПараметр `end` задаёт, что вывести в конце строки (по умолчанию это символ новой строки `"\\n"`):\n\n    print("Привет", end="")\n    print(", мир!")\n\nРезультат будет на одной строке:\n\n    Привет, мир!\n\n---\n\n## 3. Ввод данных: функция input\n\nЧтобы считать данные с клавиатуры, используется функция `input`.\n\nПростейший вариант:\n\n    text = input()\n    print("Вы ввели:", text)\n\nАлгоритм работы:\n\n1. Программа доходит до `input()` и останавливается.\n2. Пользователь вводит строку и нажимает Enter.\n3. Введённая строка возвращается как строка (тип `str`) и попадает в переменную.\n\nОбычно пользователю показывают подсказку:\n\n    name = input("Введите ваше имя: ")\n    print("Здравствуйте,", name)\n\nСтрока в скобках `input("...")` отображается перед вводом.\n\nВажно: `input` всегда возвращает строку, даже если пользователь вводит число.\n\n---\n\n## 4. Преобразование строк в числа\n\nЕсли нужно выполнять вычисления, строку нужно преобразовать в число.\n\n- `int(x)` — преобразование в целое число;\n- `float(x)` — преобразование в число с плавающей точкой.\n\nПример: удвоить введённое число.\n\n    text = input("Введите число: ")\n    number = int(text)          # строка -> целое число\n\n    print("Удвоенное:", number * 2)\n\nМожно преобразовывать сразу результат `input`:\n\n    a = int(input("Введите первое число: "))\n    b = int(input("Введите второе число: "))\n\n    print("Сумма:", a + b)\n\nЕсли ввести что-то, что не является числом (например, `abc`), при попытке `int("abc")` возникнет ошибка. Позже мы научимся такие ситуации обрабатывать.\n\n---\n\n## 5. Специальные символы в строках\n\nВнутри строк можно использовать специальные последовательности:\n\n- `\\n` — переход на новую строку;\n- `\\t` — символ табуляции (горизонтальный отступ).\n\nПример с переводом строки:\n\n    print("Первая строка\\nВторая строка")\n\nВывод:\n\n    Первая строка\n    Вторая строка\n\nПример с табуляцией:\n\n    print("Колонка 1\\tКолонка 2")\n\n---\n\n## 6. Небольшой пример программы\n\nПример программы, которая спрашивает у пользователя несколько значений и использует их в выводе:\n\n    user_name = input("Как вас зовут? ")\n    language = input("Какой язык программирования вы сейчас изучаете? ")\n\n    print("Привет,", user_name)\n    print("Удачи в изучении языка", language + "!")\n\nЗдесь мы дважды используем `input`, сохраняем ответы в переменные и выводим их с помощью `print`.\n\n---\n\n## 7. Краткий конспект модуля\n\n- Для вывода информации на экран используется функция `print`.\n- В `print` можно передавать несколько значений через запятую.\n- Параметр `sep` задаёт разделитель между значениями, `end` — окончание строки.\n- Для ввода данных используется функция `input`.\n- `input` всегда возвращает строку.\n- Чтобы работать с числами, строку нужно преобразовать с помощью `int` или `float`.\n- В строках можно использовать специальные последовательности `\\n` (новая строка) и `\\t` (табуляция).\n	1
3	Условный оператор	# Модуль 3. Условный оператор if в Python\n\nВ этом модуле рассматривается условный оператор `if`, который позволяет выполнять разные действия в зависимости от условия.\n\nПосле этого модуля вы сможете писать программы, которые реагируют на ввод пользователя и выбирают один из нескольких вариантов поведения.\n\n---\n\n## 1. Зачем нужен условный оператор\n\nДо этого мы писали программы, которые выполнялись одинаково каждый раз.\n\nУсловный оператор позволяет задать правило:\n\n- если условие выполняется — сделать одно;\n- иначе — сделать другое или ничего не делать.\n\nПримеры задач для условного оператора:\n\n- проверить, совершеннолетний ли пользователь;\n- определить, чётное число или нет;\n- выбрать одно из нескольких действий.\n\n---\n\n## 2. Базовая форма if\n\nБазовый синтаксис:\n\n    if условие:\n        блок_кода\n\nВажно:\n\n- после `if` идёт выражение, которое даёт `True` или `False`;\n- в конце строки обязательно ставится двоеточие `:`;\n- строки, которые должны выполняться при истинном условии, пишутся С ОТСТУПОМ (обычно 4 пробела).\n\nПример:\n\n    age = int(input("Введите ваш возраст: "))\n\n    if age >= 18:\n        print("Вы совершеннолетний")\n\nЕсли `age >= 18` истинно, выполнится строка `print("Вы совершеннолетний")`. Если ложно — программа просто пойдёт дальше.\n\n---\n\n## 3. Ветка else: делать что-то, если условие не выполняется\n\nСинтаксис:\n\n    if условие:\n        блок_если_истина\n    else:\n        блок_если_ложь\n\nПример:\n\n    age = int(input("Введите ваш возраст: "))\n\n    if age >= 18:\n        print("Вход разрешён")\n    else:\n        print("Вход запрещён")\n\nЗдесь всегда выполняется либо ветка `if`, либо ветка `else`.\n\n---\n\n## 4. Несколько вариантов: elif\n\nКогда вариантов больше двух, используется `elif`:\n\n    if условие1:\n        блок1\n    elif условие2:\n        блок2\n    elif условие3:\n        блок3\n    else:\n        блок_иначе\n\nПример: простейший калькулятор по знаку операции:\n\n    a = int(input("Первое число: "))\n    b = int(input("Второе число: "))\n    op = input("Операция (+, -, *, /): ")\n\n    if op == "+":\n        print("Результат:", a + b)\n    elif op == "-":\n        print("Результат:", a - b)\n    elif op == "*":\n        print("Результат:", a * b)\n    elif op == "/":\n        print("Результат:", a / b)\n    else:\n        print("Неизвестная операция")\n\nЗамечания:\n\n- блок `else` не обязателен;\n- `elif` может быть несколько раз подряд.\n\n---\n\n## 5. Вложенные условия\n\nУсловия можно вкладывать одно в другое. Главное — аккуратно следить за отступами.\n\nПример:\n\n    age = int(input("Возраст: "))\n    has_ticket = input("Есть билет? (да/нет): ")\n\n    if age >= 18:\n        if has_ticket == "да":\n            print("Можно войти")\n        else:\n            print("Нужен билет")\n    else:\n        print("Вход только для взрослых")\n\nЧасто вместо вложенных `if` удобнее использовать комбинацию условий с оператором `and`.\n\n---\n\n## 6. Условия и логические операторы\n\nЧасто условие включает несколько проверок одновременно. Для этого используются логические операторы `and`, `or`, `not`.\n\nПример: проверить, входит ли число в диапазон от 1 до 10 включительно:\n\n    n = int(input("Введите число: "))\n\n    if n >= 1 and n <= 10:\n        print("Число в диапазоне от 1 до 10")\n    else:\n        print("Число вне диапазона")\n\nТо же самое условие можно записать короче:\n\n    if 1 <= n <= 10:\n        print("Число в диапазоне от 1 до 10")\n\nЕщё пример: проверка чётности числа с остатком от деления:\n\n    n = int(input("Введите число: "))\n\n    if n % 2 == 0:\n        print("Число чётное")\n    else:\n        print("Число нечётное")\n\n---\n\n## 7. Типичные ошибки при использовании if\n\nЧастые ошибки новичков:\n\n1. Пропущенное двоеточие после `if`, `elif` или `else`.\n2. Неправильные отступы (должны быть одинаковые внутри одного блока).\n3. Использование `=` вместо `==` в условии.\n\nПример неправильного кода:\n\n    x = 5\n    if x = 5:\n        print("x равен 5")\n\nЗдесь ошибка, потому что:\n\n- `=` — это присваивание,\n- `==` — это сравнение.\n\nПравильная версия:\n\n    x = 5\n    if x == 5:\n        print("x равен 5")\n\n---\n\n## 8. Краткий конспект модуля\n\n- Условный оператор `if` позволяет выполнять код только при выполнении условия.\n- После строки с `if`, `elif`, `else` обязательно ставится двоеточие `:`.\n- Код внутри блока пишется с отступом (обычно 4 пробела).\n- `if ... else ...` — два варианта поведения.\n- `if ... elif ... elif ... else ...` — несколько вариантов.\n- Для составных условий используются логические операторы `and`, `or`, `not`.\n- Операторы сравнения: `==`, `!=`, `<`, `>`, `<=`, `>=`.\n	3
4	Цикл for	# Модуль 4. Цикл for в Python\n\nЦикл for позволяет многократно выполнять один и тот же блок кода для каждого элемента последовательности (диапазона чисел, строки, списка и т.п.).\n\nПосле этого модуля вы сможете перебирать числа, символы строк и элементы списков, а также решать типичные задачи "повторить N раз".\n\n---\n\n## 1. Простая форма цикла for\n\nОбщий вид:\n\n    for переменная in последовательность:\n        блок_кода\n\nНа каждой итерации переменная принимает очередное значение из последовательности.\n\nПример: вывести числа от 1 до 5.\n\n    for i in range(1, 6):\n        print(i)\n\nФункция range(1, 6) создаёт числа 1, 2, 3, 4, 5.\n\n---\n\n## 2. Функция range\n\nЧаще всего в цикле for используется range.\n\nВарианты вызова:\n\n- range(n) — числа от 0 до n-1\n- range(a, b) — числа от a до b-1\n- range(a, b, step) — числа от a до b-1 с шагом step\n\nПримеры:\n\n    for i in range(5):        # 0, 1, 2, 3, 4\n        print(i)\n\n    for i in range(2, 6):     # 2, 3, 4, 5\n        print(i)\n\n    for i in range(10, 0, -2):  # 10, 8, 6, 4, 2\n        print(i)\n\n---\n\n## 3. Перебор строки и списка\n\nЦикл for можно использовать не только с range, но и со строками и списками.\n\nПеребор символов строки:\n\n    text = "hello"\n    for ch in text:\n        print(ch)\n\nПеребор элементов списка:\n\n    numbers = [10, 20, 30]\n    for x in numbers:\n        print(x)\n\n---\n\n## 4. Подсчёт суммы в цикле for\n\nТипичный паттерн: есть последовательность чисел, нужно посчитать сумму.\n\n    total = 0\n    for i in range(1, 6):\n        total = total + i\n    print("Сумма от 1 до 5:", total)\n\ntotal — накопитель, к которому на каждой итерации добавляется очередное число.\n\n---\n\n## 5. Цикл for и условия\n\nВнутри цикла можно использовать if, чтобы выбирать, с какими элементами работать.\n\nПример: вывести только чётные числа от 1 до 10.\n\n    for i in range(1, 11):\n        if i % 2 == 0:\n            print(i)\n\n---\n\n## 6. Краткий конспект модуля\n\n- Цикл for перебирает значения из последовательности.\n- range(n) даёт числа от 0 до n-1.\n- range(a, b) даёт числа от a до b-1.\n- range(a, b, step) позволяет задать шаг.\n- Цикл for удобно использовать со строками и списками.\n- Внутри цикла можно считать суммы, искать максимум/минимум, фильтровать элементы.\n	4
5	Цикл while	# Модуль 5. Цикл while в Python\n\nЦикл while повторяет блок кода до тех пор, пока выполняется некоторое условие.\n\nПосле этого модуля вы сможете писать циклы "пока пользователь не введёт нужное значение", "пока число не станет равно нулю" и т.п.\n\n---\n\n## 1. Базовая форма while\n\nОбщий вид:\n\n    while условие:\n        блок_кода\n\nПока условие истинно (True), блок выполняется снова и снова.\n\nПример: вывести числа от 1 до 5.\n\n    i = 1\n    while i <= 5:\n        print(i)\n        i = i + 1\n\nВажно не забыть изменять переменную внутри цикла, иначе цикл может стать бесконечным.\n\n---\n\n## 2. Счётчик в цикле while\n\nЧасто используется схема "инициализация → while → изменение":\n\n    i = 0\n    while i < 10:\n        print(i)\n        i = i + 1\n\n---\n\n## 3. while с пользовательским вводом\n\nПример: просить ввести число, пока пользователь не введёт 0.\n\n    n = int(input("Введите число (0 для выхода): "))\n\n    while n != 0:\n        print("Вы ввели:", n)\n        n = int(input("Введите число (0 для выхода): "))\n\n    print("Готово")\n\n---\n\n## 4. Операторы break и continue\n\nВнутри цикла можно использовать:\n\n- break — немедленно выйти из цикла;\n- continue — перейти к следующей итерации.\n\nПример с break: поиск первого числа, делящегося на 7.\n\n    x = 1\n    while True:\n        if x % 7 == 0:\n            print("Нашли число:", x)\n            break\n        x = x + 1\n\nПример с continue: пропустить чётные числа.\n\n    i = 0\n    while i < 10:\n        i = i + 1\n        if i % 2 == 0:\n            continue\n        print(i)\n\n---\n\n## 5. Типичные ошибки в while\n\n- Условие никогда не становится ложным → бесконечный цикл.\n- Изменение переменной счётчика забыто или сделано неправильно.\n- Ошибки в условии (<= вместо < и т.п.).\n\n---\n\n## 6. Краткий конспект модуля\n\n- Цикл while выполняется, пока условие истинно.\n- Нужно следить, чтобы условие когда-нибудь стало ложным.\n- break — выйти из цикла, continue — перейти к следующей итерации.\n- while удобно использовать, когда заранее неизвестно, сколько раз нужно повторять действия.\n	5
6	Списки	# Модуль 6. Списки в Python\n\nСписок (list) — это упорядоченная коллекция элементов, которые можно изменять.\n\nПосле этого модуля вы сможете создавать списки, обращаться к элементам по индексу, перебирать их в цикле и использовать основные методы списков.\n\n---\n\n## 1. Создание списка\n\nСписок создаётся с помощью квадратных скобок:\n\n    numbers = [10, 20, 30]\n    names = ["Аня", "Борис", "Виктор"]\n\nСписок может содержать элементы разных типов, но чаще элементы одного типа.\n\n---\n\n## 2. Индексы и длина списка\n\nЭлементы нумеруются с нуля:\n\n    numbers = [10, 20, 30]\n\n    print(numbers[0])   # 10\n    print(numbers[1])   # 20\n    print(numbers[2])   # 30\n\nФункция len возвращает длину списка:\n\n    print(len(numbers))  # 3\n\n---\n\n## 3. Изменение элементов\n\nЭлементы списка можно изменять:\n\n    numbers = [10, 20, 30]\n    numbers[1] = 99\n    print(numbers)       # [10, 99, 30]\n\n---\n\n## 4. Добавление и удаление элементов\n\nНекоторые важные методы списков:\n\n- append(x) — добавить элемент в конец;\n- pop() — удалить и вернуть последний элемент;\n- pop(i) — удалить и вернуть элемент по индексу;\n- remove(x) — удалить первое вхождение элемента x.\n\nПримеры:\n\n    nums = [1, 2, 3]\n    nums.append(4)       # [1, 2, 3, 4]\n    last = nums.pop()    # last = 4, список [1, 2, 3]\n    nums.remove(2)       # [1, 3]\n\n---\n\n## 5. Перебор списка в цикле\n\nЧаще всего список перебирают с помощью цикла for:\n\n    nums = [10, 20, 30]\n    for x in nums:\n        print(x)\n\nЕсли нужен индекс, можно использовать range:\n\n    nums = [10, 20, 30]\n    for i in range(len(nums)):\n        print(i, nums[i])\n\n---\n\n## 6. Поиск минимума и максимума\n\nФункции min и max работают со списками чисел:\n\n    nums = [5, 2, 9, 1]\n    print(min(nums))   # 1\n    print(max(nums))   # 9\n\n---\n\n## 7. Краткий конспект модуля\n\n- Список — изменяемая упорядоченная коллекция.\n- Доступ к элементам по индексу: list[index], индексы с нуля.\n- Длина списка: len(list).\n- Основные методы: append, pop, remove.\n- Списки удобно перебирать циклом for.\n- Функции min и max находят минимальный и максимальный элемент.\n	6
7	Функции	# Модуль 7. Функции в Python\n\nФункции позволяют объединить несколько строк кода в один блок, дать ему имя и вызывать этот блок из разных мест программы.\n\nПосле этого модуля вы сможете определять свои функции, передавать им аргументы и получать результат с помощью return.\n\n---\n\n## 1. Определение функции\n\nОбщий вид:\n\n    def имя_функции(параметры):\n        блок_кода\n\nПростой пример:\n\n    def greet():\n        print("Привет!")\n        print("Добро пожаловать в программу.")\n\n    greet()\n    greet()\n\n---\n\n## 2. Параметры функции\n\nФункция может принимать данные (параметры):\n\n    def greet(name):\n        print("Привет,", name)\n\n    greet("Аня")\n    greet("Борис")\n\n---\n\n## 3. Возврат значения: return\n\nФункция может возвращать результат:\n\n    def add(a, b):\n        result = a + b\n        return result\n\n    s = add(3, 5)\n    print("Сумма:", s)\n\nОператор return:\n\n- завершает выполнение функции;\n- возвращает значение вызвавшему коду.\n\n---\n\n## 4. Локальные переменные\n\nПеременные, созданные внутри функции, называются локальными и не видны снаружи.\n\n    def demo():\n        x = 10\n        print("Внутри функции x =", x)\n\n    demo()\n    # здесь переменная x недоступна\n\n---\n\n## 5. Аргументы по умолчанию (кратко)\n\nМожно задать значения по умолчанию для параметров:\n\n    def greet(name="гость"):\n        print("Привет,", name)\n\n    greet("Аня")   # Привет, Аня\n    greet()        # Привет, гость\n\n---\n\n## 6. Краткий конспект модуля\n\n- Функции определяются с помощью def.\n- Функция может принимать параметры (аргументы).\n- Оператор return возвращает значение из функции.\n- Локальные переменные видимы только внутри функции.\n- Функции помогают избегать дублирования кода и делают программы более понятными.\n	7
8	Словари	# Модуль 8. Словари в Python\n\nСловарь (dict) — это коллекция пар "ключ-значение".\n\nПосле этого модуля вы сможете создавать словари, получать значения по ключу, добавлять и удалять элементы, перебирать ключи и значения.\n\n---\n\n## 1. Создание словаря\n\nПример словаря:\n\n    person = {\n        "name": "Аня",\n        "age": 20,\n        "city": "Москва"\n    }\n\nКлючи обычно строки, а значения могут быть любого типа.\n\n---\n\n## 2. Доступ к значениям по ключу\n\nДоступ по ключу:\n\n    print(person["name"])   # Аня\n    print(person["age"])    # 20\n\nМожно добавлять новые пары:\n\n    person["email"] = "anya@example.com"\n\n---\n\n## 3. Проверка наличия ключа\n\nОператор in позволяет проверить, есть ли ключ в словаре:\n\n    if "age" in person:\n        print("Возраст:", person["age"])\n\n---\n\n## 4. Удаление элементов\n\nОсновные способы:\n\n- del словарь[ключ] — удалить элемент по ключу;\n- pop(ключ) — удалить и вернуть значение.\n\nПримеры:\n\n    del person["city"]\n    age = person.pop("age")\n\n---\n\n## 5. Перебор словаря\n\nСловарь можно перебирать несколькими способами.\n\nПо ключам:\n\n    for key in person:\n        print(key, person[key])\n\nИли явно по ключам:\n\n    for key in person.keys():\n        print(key)\n\nПо значениям:\n\n    for value in person.values():\n        print(value)\n\nПо парам ключ-значение:\n\n    for key, value in person.items():\n        print(key, "->", value)\n\n---\n\n## 6. Краткий конспект модуля\n\n- Словарь — структура данных "ключ-значение".\n- Доступ к элементу по ключу: dict[key].\n- Можно добавлять и удалять элементы по ключу.\n- Оператор in проверяет наличие ключа.\n- Методы keys, values, items используются для перебора словаря.\n	8
\.


--
-- TOC entry 5034 (class 0 OID 16781)
-- Dependencies: 222
-- Data for Name: tasks; Type: TABLE DATA; Schema: public; Owner: postgres
--

COPY public.tasks (id, module_id, title, description, language, is_free, order_index) FROM stdin;
1	1	Визитка	Напишите программу, которая выводит простую "визитку" пользователя.\n\n## Входные данные\n\nПрограмма должна запросить у пользователя три строки (с помощью `input`):\n\n1. Имя\n2. Возраст\n3. Город\n\n## Выходные данные\n\nВыведите на экране три строки:\n\n- `Имя: <имя>`\n- `Возраст: <возраст>`\n- `Город: <город>`\n\nгде `<имя>`, `<возраст>`, `<город>` — это введённые пользователем значения.\n\n## Пример\n\nВвод:\nАня\n18\nМосква\n\nВывод:\nИмя: Аня\nВозраст: 18\nГород: Москва\n	python	f	1
2	1	Перевод температуры	Напишите программу, которая переводит температуру из градусов Цельсия в градусы Фаренгейта.\n\nФормула перевода:\n\n    F = C * 9 / 5 + 32\n\nгде:\n- `C` — температура в градусах Цельсия,\n- `F` — температура в градусах Фаренгейта.\n\n## Входные данные\n\nОдно целое или вещественное число — температура в градусах Цельсия.\n\n## Выходные данные\n\nОдно число — температура в градусах Фаренгейта.\n\nФормат вывода можно оставить по умолчанию (как печатает `print`).\n\n## Пример\n\nВвод:\n0\n\nВывод:\n32.0\n	python	f	2
3	1	Сумма и среднее трёх чисел	Напишите программу, которая запрашивает у пользователя три числа и выводит их сумму и среднее арифметическое.\n\n## Входные данные\n\nТри целых числа, каждое с новой строки.\n\n## Выходные данные\n\nДве строки:\n\n1. `Сумма: <sum>`\n2. `Среднее: <avg>`\n\nгде `<sum>` — сумма трёх чисел, `<avg>` — их среднее арифметическое.\n\nСреднее можно считать как `sum / 3`. Можно вывести как число с точкой.\n\n## Пример\n\nВвод:\n1\n2\n3\n\nВывод:\nСумма: 6\nСреднее: 2.0\n	python	f	3
4	2	Арифметика двух чисел	Напишите программу, которая считывает два целых числа и выводит результаты основных арифметических операций над ними.\n\n## Входные данные\n\nДва целых числа `a` и `b`, каждое с новой строки.\n\nГарантируется, что `b` не равно нулю.\n\n## Выходные данные\n\nПять строк:\n\n1. `Сумма: <a+b>`\n2. `Разность: <a-b>`\n3. `Произведение: <a*b>`\n4. `Целая_часть_деления: <a//b>`\n5. `Остаток_от_деления: <a%b>`\n\n## Пример\n\nВвод:\n7\n3\n\nВывод:\nСумма: 10\nРазность: 4\nПроизведение: 21\nЦелая_часть_деления: 2\nОстаток_от_деления: 1\n	python	f	1
5	2	Последняя цифра числа	Напишите программу, которая выводит последнюю цифру целого числа.\n\n## Входные данные\n\nОдно целое число `n` (может быть отрицательным).\n\n## Выходные данные\n\nОдна цифра от 0 до 9 — последняя цифра числа по модулю.\n\nПодсказка: используйте оператор `%` (остаток от деления).\n\n## Пример\n\nВвод:\n-123\n\nВывод:\n3\n	python	f	2
6	3	Чётное или нечётное	Напишите программу, которая определяет, чётное число или нечётное.\n\n## Входные данные\n\nОдно целое число `n`.\n\n## Выходные данные\n\nЕсли число чётное — вывести `Even`.  \nЕсли нечётное — вывести `Odd`.\n\n## Пример\n\nВвод:\n4\n\nВывод:\nEven\n	python	f	1
7	3	Минимум из двух чисел	Напишите программу, которая считывает два целых числа и выводит меньшее из них.\n\n## Входные данные\n\nДва целых числа `a` и `b`, каждое с новой строки.\n\n## Выходные данные\n\nОдно число — минимум из `a` и `b`.\n\n## Пример\n\nВвод:\n10\n3\n\nВывод:\n3\n	python	f	2
8	3	Простой калькулятор	Напишите программу-калькулятор для двух чисел.\n\n## Входные данные\n\nТри строки:\n\n1. Первое число `a` (целое или вещественное).\n2. Второе число `b`.\n3. Операция `op` — один из символов: `+`, `-`, `*`, `/`.\n\n## Выходные данные\n\nЕсли операция — `+`, вывести `a + b`.  \nЕсли `-`, вывести `a - b`.  \nЕсли `*`, вывести `a * b`.  \nЕсли `/`, и `b` не равно нулю, вывести `a / b`.  \nЕсли `/`, и `b` равно нулю, вывести строку `Division by zero!`.  \nЕсли операция неизвестна, вывести строку `Unknown operation`.\n\n## Пример\n\nВвод:\n10\n5\n/\n\nВывод:\n2.0\n	python	f	3
9	4	Сумма от 1 до n	Напишите программу, которая считает сумму чисел от 1 до `n` включительно, используя цикл `for`.\n\n## Входные данные\n\nОдно целое число `n` (n >= 1).\n\n## Выходные данные\n\nОдно число — сумма `1 + 2 + ... + n`.\n\n## Пример\n\nВвод:\n5\n\nВывод:\n15\n	python	f	1
10	4	Таблица умножения	Напишите программу, которая выводит таблицу умножения на число `n` от 1 до 10.\n\n## Входные данные\n\nОдно целое число `n`.\n\n## Выходные данные\n\n10 строк вида:\n\n    <i> * <n> = <результат>\n\nгде `i` — числа от 1 до 10.\n\n## Пример\n\nВвод:\n3\n\nВывод:\n1 * 3 = 3\n2 * 3 = 6\n3 * 3 = 9\n...\n10 * 3 = 30\n	python	f	2
11	5	Сумма до нуля	Напишите программу, которая считывает целые числа, пока пользователь не введёт 0, и выводит их сумму.\n\n## Входные данные\n\nПоследовательность целых чисел, каждое с новой строки.  \nПоследнее введённое число всегда 0 (признак конца).\n\n## Выходные данные\n\nОдно число — сумма всех введённых чисел, **не включая** последний ноль.\n\n## Пример\n\nВвод:\n1\n2\n3\n0\n\nВывод:\n6\n	python	f	1
12	5	Количество положительных	Напишите программу, которая считывает целые числа, пока не встретит 0, и считает, сколько из них положительные.\n\n## Входные данные\n\nПоследовательность целых чисел, каждое с новой строки.  \nПоследний введённый элемент — 0.\n\n## Выходные данные\n\nОдно число — количество положительных чисел в последовательности (строго больше нуля).\n\n## Пример\n\nВвод:\n-1\n5\n0\n10\n0\n\nВывод:\n2\n	python	f	2
13	6	Сумма элементов списка	Напишите программу, которая считывает список чисел и выводит их сумму.\n\n## Входные данные\n\nПервая строка: целое число `n` — количество элементов.  \nВторая строка: `n` целых чисел, разделённых пробелами.\n\n## Выходные данные\n\nОдно число — сумма всех элементов списка.\n\n## Пример\n\nВвод:\n4\n1 2 3 4\n\nВывод:\n10\n	python	f	1
14	6	Разворот списка	Напишите программу, которая считывает список чисел и выводит его элементы в обратном порядке.\n\n## Входные данные\n\nПервая строка: целое число `n`.  \nВторая строка: `n` целых чисел, разделённых пробелами.\n\n## Выходные данные\n\nОдна строка: те же числа в обратном порядке, через пробел.\n\n## Пример\n\nВвод:\n5\n10 20 30 40 50\n\nВывод:\n50 40 30 20 10\n	python	f	2
15	7	Функция is_even	Напишите функцию `is_even(n)`, которая возвращает `True`, если число чётное, и `False` в противном случае.\n\nЗатем используйте эту функцию в программе.\n\n## Требования\n\n1. Определите функцию:\n\n       def is_even(n):\n           # ваш код\n\n2. Считайте одно целое число `n` с клавиатуры.\n3. Если число чётное (функция вернула `True`), выведите `YES`, иначе выведите `NO`.\n\n## Пример\n\nВвод:\n4\n\nВывод:\nYES\n	python	f	1
16	7	Максимум из трёх (функция)	Напишите функцию `max3(a, b, c)`, которая возвращает максимальное из трёх чисел.\n\nЗатем используйте её в программе.\n\n## Требования\n\n1. Определите функцию:\n\n       def max3(a, b, c):\n           # ваш код\n\n2. Считайте три целых числа `a`, `b`, `c`.\n3. Выведите одно число — максимум из трёх (результат работы функции).\n\n## Пример\n\nВвод:\n1\n10\n3\n\nВывод:\n10\n	python	f	2
17	8	Мини-словарь переводов	Создайте простой словарь переводов трёх английских слов на русский.\n\nПусть словарь содержит пары:\n\n- `"cat"` → `"кот"`\n- `"dog"` → `"собака"`\n- `"bird"` → `"птица"`\n\n## Задача\n\n1. Создайте такой словарь в программе.\n2. Считайте одно слово на английском с клавиатуры.\n3. Если это слово есть в словаре, выведите перевод.\n4. Если нет — выведите строку `Unknown word`.\n\n## Пример\n\nВвод:\ndog\n\nВывод:\nсобака\n	python	f	1
18	8	Подсчёт слов (упрощённо)	Напишите программу, которая считывает одну строку текста и считает, сколько раз каждое слово встречается в этой строке.\n\nСчитаем, что слова разделены пробелами и не содержат знаков препинания.\n\n## Входные данные\n\nОдна строка текста.\n\n## Выходные данные\n\nВыведите пары `слово: количество` по одной в строке.  \nПорядок вывода можно оставить любым.\n\nПодсказка: используйте словарь, где ключ — слово, значение — счётчик.\n\n## Пример\n\nВвод:\nhello world hello\n\nВозможный вывод:\nhello: 2\nworld: 1\n	python	f	2
\.


--
-- TOC entry 5036 (class 0 OID 16808)
-- Dependencies: 224
-- Data for Name: test_cases; Type: TABLE DATA; Schema: public; Owner: postgres
--

COPY public.test_cases (id, task_id, input_data, expected_output) FROM stdin;
1	1	Аня\n18\nМосква\n	Имя: Аня\nВозраст: 18\nГород: Москва\n
2	1	Иван\n25\nКазань\n	Имя: Иван\nВозраст: 25\nГород: Казань\n
3	2	0\n	32.0\n
4	2	100\n	212.0\n
5	2	-40\n	-40.0\n
6	3	1\n2\n3\n	Сумма: 6\nСреднее: 2.0\n
7	3	5\n5\n5\n	Сумма: 15\nСреднее: 5.0\n
8	4	7\n3\n	Сумма: 10\nРазность: 4\nПроизведение: 21\nЦелая_часть_деления: 2\nОстаток_от_деления: 1\n
9	4	-7\n3\n	Сумма: -4\nРазность: -10\nПроизведение: -21\nЦелая_часть_деления: -3\nОстаток_от_деления: 2\n
10	5	123\n	3\n
11	5	0\n	0\n
12	5	-15\n	5\n
13	6	4\n	Even\n
14	6	5\n	Odd\n
15	6	-2\n	Even\n
16	7	10\n3\n	3\n
17	7	5\n7\n	5\n
18	7	-1\n-10\n	-10\n
19	8	10\n5\n+\n	15\n
20	8	10\n5\n/\n	2.0\n
21	8	10\n0\n/\n	Division by zero!\n
22	8	10\n5\n?\n	Unknown operation\n
23	9	5\n	15\n
24	9	1\n	1\n
25	9	3\n	6\n
26	10	3\n	1 * 3 = 3\n2 * 3 = 6\n3 * 3 = 9\n4 * 3 = 12\n5 * 3 = 15\n6 * 3 = 18\n7 * 3 = 21\n8 * 3 = 24\n9 * 3 = 27\n10 * 3 = 30\n
27	10	1\n	1 * 1 = 1\n2 * 1 = 2\n3 * 1 = 3\n4 * 1 = 4\n5 * 1 = 5\n6 * 1 = 6\n7 * 1 = 7\n8 * 1 = 8\n9 * 1 = 9\n10 * 1 = 10\n
28	11	1\n2\n3\n0\n	6\n
29	11	0\n	0\n
30	11	-1\n1\n0\n	0\n
31	12	1\n2\n-3\n0\n	2\n
32	12	-1\n-5\n0\n	0\n
33	12	0\n	0\n
34	13	4\n1 2 3 4\n	10\n
35	13	1\n-5\n	-5\n
36	14	5\n10 20 30 40 50\n	50 40 30 20 10\n
37	14	3\n1 2 3\n	3 2 1\n
38	15	4\n	YES\n
39	15	5\n	NO\n
40	15	-2\n	YES\n
41	16	1\n10\n3\n	10\n
42	16	5\n5\n5\n	5\n
43	16	-1\n-2\n-3\n	-1\n
44	17	cat\n	кот\n
45	17	dog\n	собака\n
46	17	bird\n	птица\n
47	17	mouse\n	Unknown word\n
\.


--
-- TOC entry 5045 (class 0 OID 0)
-- Dependencies: 219
-- Name: modules_id_seq; Type: SEQUENCE SET; Schema: public; Owner: postgres
--

SELECT pg_catalog.setval('public.modules_id_seq', 8, true);


--
-- TOC entry 5046 (class 0 OID 0)
-- Dependencies: 221
-- Name: tasks_id_seq; Type: SEQUENCE SET; Schema: public; Owner: postgres
--

SELECT pg_catalog.setval('public.tasks_id_seq', 18, true);


--
-- TOC entry 5047 (class 0 OID 0)
-- Dependencies: 223
-- Name: test_cases_id_seq; Type: SEQUENCE SET; Schema: public; Owner: postgres
--

SELECT pg_catalog.setval('public.test_cases_id_seq', 47, true);


--
-- TOC entry 4874 (class 2606 OID 16778)
-- Name: modules modules_pkey; Type: CONSTRAINT; Schema: public; Owner: postgres
--

ALTER TABLE ONLY public.modules
    ADD CONSTRAINT modules_pkey PRIMARY KEY (id);


--
-- TOC entry 4878 (class 2606 OID 16799)
-- Name: tasks tasks_pkey; Type: CONSTRAINT; Schema: public; Owner: postgres
--

ALTER TABLE ONLY public.tasks
    ADD CONSTRAINT tasks_pkey PRIMARY KEY (id);


--
-- TOC entry 4881 (class 2606 OID 16819)
-- Name: test_cases test_cases_pkey; Type: CONSTRAINT; Schema: public; Owner: postgres
--

ALTER TABLE ONLY public.test_cases
    ADD CONSTRAINT test_cases_pkey PRIMARY KEY (id);


--
-- TOC entry 4872 (class 1259 OID 16779)
-- Name: idx_modules_order; Type: INDEX; Schema: public; Owner: postgres
--

CREATE UNIQUE INDEX idx_modules_order ON public.modules USING btree (order_index);


--
-- TOC entry 4875 (class 1259 OID 16806)
-- Name: idx_tasks_is_free; Type: INDEX; Schema: public; Owner: postgres
--

CREATE INDEX idx_tasks_is_free ON public.tasks USING btree (is_free);


--
-- TOC entry 4876 (class 1259 OID 16805)
-- Name: idx_tasks_module_id; Type: INDEX; Schema: public; Owner: postgres
--

CREATE INDEX idx_tasks_module_id ON public.tasks USING btree (module_id);


--
-- TOC entry 4879 (class 1259 OID 16825)
-- Name: idx_test_cases_task_id; Type: INDEX; Schema: public; Owner: postgres
--

CREATE INDEX idx_test_cases_task_id ON public.test_cases USING btree (task_id);


--
-- TOC entry 4882 (class 2606 OID 16800)
-- Name: tasks tasks_module_id_fkey; Type: FK CONSTRAINT; Schema: public; Owner: postgres
--

ALTER TABLE ONLY public.tasks
    ADD CONSTRAINT tasks_module_id_fkey FOREIGN KEY (module_id) REFERENCES public.modules(id) ON DELETE SET NULL;


--
-- TOC entry 4883 (class 2606 OID 16820)
-- Name: test_cases test_cases_task_id_fkey; Type: FK CONSTRAINT; Schema: public; Owner: postgres
--

ALTER TABLE ONLY public.test_cases
    ADD CONSTRAINT test_cases_task_id_fkey FOREIGN KEY (task_id) REFERENCES public.tasks(id) ON DELETE CASCADE;


-- Completed on 2025-11-22 02:29:55

--
-- PostgreSQL database dump complete
--

\unrestrict pXHLXzHA3NqRCNElmjlQeZx3jEl22M7xH2LOdcjFkOxfwkXKvHlJPXxbwmzfrQP

